seqnames,start,end,width,strand,gene,name,score,gene.name,hg38,rsID
chr3,179172868,179173088,221,*,ENSG00000114450,chunk2257_883_1,0.0186090992718208,GNB4,chr3-179455080-179455300,rs7612445
chr17,44019663,44019849,187,*,ENSG00000186868,chunk1289_768_1,0.4200702178769,MAPT,chr17-45942297-45942483,rs242557
chr17,44019663,44019849,187,*,ENSG00000256762,chunk1289_768_1,0.221474458531636,STH,chr17-45942297-45942483,rs242557
chr17,44019686,44020006,321,*,ENSG00000186868,chunk1289_768_2,0.446320428353984,MAPT,chr17-45942320-45942640,rs242557
chr17,44019686,44020006,321,*,ENSG00000256762,chunk1289_768_2,0.235753295625128,STH,chr17-45942320-45942640,rs242557
